{
    "backend": "django",
    "db_name": "",
    "db_pass": "",
    "db_type": "sqlite",
    "db_user": "",
    "dbms": "1",
    "description": "generated product",
    "design": "datta-able",
    "docker": "1",
    "err_code": 0,
    "frontend": "",
    "heroku": "0",
    "pattern": "mvc",
    "pro": "0",
    "task_id": "623cef43-f843-4058-af6d-7a47f3991395",
    "task_info": "Task is finished",
    "task_output": "623cef43-f843-4058-af6d-7a47f3991395.zip",
    "task_result": "SUCCESS",
    "task_state": "FINISHED",
    "task_ts_end": "2022-06-23-19-28-58",
    "task_ts_start": "2022-06-23-19-28-47"
}