2023-10-24 23:00:15.435530+00:00|0.0|Medidor_15|Potencia aparente importada agregada
2023-10-24 23:00:15.435530+00:00|0.0|Medidor_15|Potencia aparente importada agregada
2023-10-24 23:00:15.435530+00:00|0.0|Medidor_15|Potencia aparente importada agregada
2023-10-24 23:00:15.435530+00:00|0.0|Medidor_15|Potencia aparente importada agregada
2023-10-24 23:00:15.435530+00:00|0.0|Medidor_15|Potencia aparente importada agregada
2023-10-24 23:00:15.435530+00:00|0.0|Medidor_15|Potencia aparente importada agregada
